Workbook

Sheet Resumen
A1: CONTROL AUTOMÁTICO DE ASISTENCIA - DATASET BASE PARA JENKINS
A2: Objetivo | B2: Base de datos lista para detectar faltas, tardanzas, incidencias y generar un PDF automático.
A3: Periodo | B3: Febrero 2026
A5: Total de registros | B5: =COUNTA(Asistencia_Febrero_2026!A2:A361) -> 360 | D5: Estado | E5: Cantidad
A6: Asistencias | B6: =COUNTIF(Asistencia_Febrero_2026!L2:L361,"Asistencia") -> 293 | D6: Asistencia | E6: =COUNTIF(Asistencia_Febrero_2026!L2:L361,"Asistencia") -> 293
A7: Tardanzas | B7: =COUNTIF(Asistencia_Febrero_2026!L2:L361,"Tardanza") -> 42 | D7: Tardanza | E7: =COUNTIF(Asistencia_Febrero_2026!L2:L361,"Tardanza") -> 42
A8: Faltas | B8: =COUNTIF(Asistencia_Febrero_2026!L2:L361,"Falta") -> 7 | D8: Falta | E8: =COUNTIF(Asistencia_Febrero_2026!L2:L361,"Falta") -> 7
A9: Permisos | B9: =COUNTIF(Asistencia_Febrero_2026!L2:L361,"Permiso") -> 8 | D9: Permiso | E9: =COUNTIF(Asistencia_Febrero_2026!L2:L361,"Permiso") -> 8
A10: Vacaciones | B10: =COUNTIF(Asistencia_Febrero_2026!L2:L361,"Vacaciones") -> 10 | D10: Vacaciones | E10: =COUNTIF(Asistencia_Febrero_2026!L2:L361,"Vacaciones") -> 10
A11: Incidencias | B11: =SUM(B7:B10) -> 67
A12: Tasa de incidencia | B12: =B11/B5 -> 0.18611111
A14: Área | B14: Registros | C14: Asistencias | D14: Tardanzas | E14: Faltas | F14: Permisos | G14: Vacaciones
A15: Comercial | B15: =COUNTIF(Asistencia_Febrero_2026!E:E,A15) -> 80 | C15: =COUNTIFS(Asistencia_Febrero_2026!E:E,A15,Asistencia_Febrero_2026!L:L,"Asistencia") -> 67 | D15: =COUNTIFS(Asistencia_Febrero_2026!E:E,A15,Asistencia_Febrero_2026!L:L,"Tardanza") -> 9 | E15: =COUNTIFS(Asistencia_Febrero_2026!E:E,A15,Asistencia_Febrero_2026!L:L,"Falta") -> 2 | F15: =COUNTIFS(Asistencia_Febrero_2026!E:E,A15,Asistencia_Febrero_2026!L:L,"Permiso") -> 2 | G15: =COUNTIFS(Asistencia_Febrero_2026!E:E,A15,Asistencia_Febrero_2026!L:L,"Vacaciones") -> 0
A16: Finanzas | B16: =COUNTIF(Asistencia_Febrero_2026!E:E,A16) -> 60 | C16: =COUNTIFS(Asistencia_Febrero_2026!E:E,A16,Asistencia_Febrero_2026!L:L,"Asistencia") -> 47 | D16: =COUNTIFS(Asistencia_Febrero_2026!E:E,A16,Asistencia_Febrero_2026!L:L,"Tardanza") -> 2 | E16: =COUNTIFS(Asistencia_Febrero_2026!E:E,A16,Asistencia_Febrero_2026!L:L,"Falta") -> 1 | F16: =COUNTIFS(Asistencia_Febrero_2026!E:E,A16,Asistencia_Febrero_2026!L:L,"Permiso") -> 0 | G16: =COUNTIFS(Asistencia_Febrero_2026!E:E,A16,Asistencia_Febrero_2026!L:L,"Vacaciones") -> 10
A17: Operaciones | B17: =COUNTIF(Asistencia_Febrero_2026!E:E,A17) -> 80 | C17: =COUNTIFS(Asistencia_Febrero_2026!E:E,A17,Asistencia_Febrero_2026!L:L,"Asistencia") -> 57 | D17: =COUNTIFS(Asistencia_Febrero_2026!E:E,A17,Asistencia_Febrero_2026!L:L,"Tardanza") -> 16 | E17: =COUNTIFS(Asistencia_Febrero_2026!E:E,A17,Asistencia_Febrero_2026!L:L,"Falta") -> 4 | F17: =COUNTIFS(Asistencia_Febrero_2026!E:E,A17,Asistencia_Febrero_2026!L:L,"Permiso") -> 3 | G17: =COUNTIFS(Asistencia_Febrero_2026!E:E,A17,Asistencia_Febrero_2026!L:L,"Vacaciones") -> 0
A18: RRHH | B18: =COUNTIF(Asistencia_Febrero_2026!E:E,A18) -> 60 | C18: =COUNTIFS(Asistencia_Febrero_2026!E:E,A18,Asistencia_Febrero_2026!L:L,"Asistencia") -> 55 | D18: =COUNTIFS(Asistencia_Febrero_2026!E:E,A18,Asistencia_Febrero_2026!L:L,"Tardanza") -> 5 | E18: =COUNTIFS(Asistencia_Febrero_2026!E:E,A18,Asistencia_Febrero_2026!L:L,"Falta") -> 0 | F18: =COUNTIFS(Asistencia_Febrero_2026!E:E,A18,Asistencia_Febrero_2026!L:L,"Permiso") -> 0 | G18: =COUNTIFS(Asistencia_Febrero_2026!E:E,A18,Asistencia_Febrero_2026!L:L,"Vacaciones") -> 0
A19: TI | B19: =COUNTIF(Asistencia_Febrero_2026!E:E,A19) -> 80 | C19: =COUNTIFS(Asistencia_Febrero_2026!E:E,A19,Asistencia_Febrero_2026!L:L,"Asistencia") -> 67 | D19: =COUNTIFS(Asistencia_Febrero_2026!E:E,A19,Asistencia_Febrero_2026!L:L,"Tardanza") -> 10 | E19: =COUNTIFS(Asistencia_Febrero_2026!E:E,A19,Asistencia_Febrero_2026!L:L,"Falta") -> 0 | F19: =COUNTIFS(Asistencia_Febrero_2026!E:E,A19,Asistencia_Febrero_2026!L:L,"Permiso") -> 3 | G19: =COUNTIFS(Asistencia_Febrero_2026!E:E,A19,Asistencia_Febrero_2026!L:L,"Vacaciones") -> 0
A22: ID_Empleado | B22: Nombre | C22: Área | D22: Tardanzas | E22: Faltas | F22: Permisos | G22: Vacaciones | H22: Total incidencias | I22: Asistencia %
A23: EMP001 | B23: Ana Torres | C23: RRHH | D23: =COUNTIFS(Asistencia_Febrero_2026!C:C,A23,Asistencia_Febrero_2026!L:L,"Tardanza") -> 2 | E23: =COUNTIFS(Asistencia_Febrero_2026!C:C,A23,Asistencia_Febrero_2026!L:L,"Falta") -> 0 | F23: =COUNTIFS(Asistencia_Febrero_2026!C:C,A23,Asistencia_Febrero_2026!L:L,"Permiso") -> 0 | G23: =COUNTIFS(Asistencia_Febrero_2026!C:C,A23,Asistencia_Febrero_2026!L:L,"Vacaciones") -> 0 | H23: =SUM(D23:G23) -> 2 | I23: =1-(H23/Parametros!$B$6) -> 0.9
A24: EMP002 | B24: Luis Mendoza | C24: Operaciones | D24: =COUNTIFS(Asistencia_Febrero_2026!C:C,A24,Asistencia_Febrero_2026!L:L,"Tardanza") -> 3 | E24: =COUNTIFS(Asistencia_Febrero_2026!C:C,A24,Asistencia_Febrero_2026!L:L,"Falta") -> 0 | F24: =COUNTIFS(Asistencia_Febrero_2026!C:C,A24,Asistencia_Febrero_2026!L:L,"Permiso") -> 1 | G24: =COUNTIFS(Asistencia_Febrero_2026!C:C,A24,Asistencia_Febrero_2026!L:L,"Vacaciones") -> 0 | H24: =SUM(D24:G24) -> 4 | I24: =1-(H24/Parametros!$B$6) -> 0.8
A25: EMP003 | B25: Carla Rojas | C25: Finanzas | D25: =COUNTIFS(Asistencia_Febrero_2026!C:C,A25,Asistencia_Febrero_2026!L:L,"Tardanza") -> 2 | E25: =COUNTIFS(Asistencia_Febrero_2026!C:C,A25,Asistencia_Febrero_2026!L:L,"Falta") -> 1 | F25: =COUNTIFS(Asistencia_Febrero_2026!C:C,A25,Asistencia_Febrero_2026!L:L,"Permiso") -> 0 | G25: =COUNTIFS(Asistencia_Febrero_2026!C:C,A25,Asistencia_Febrero_2026!L:L,"Vacaciones") -> 0 | H25: =SUM(D25:G25) -> 3 | I25: =1-(H25/Parametros!$B$6) -> 0.85
A26: EMP004 | B26: Jorge Salazar | C26: TI | D26: =COUNTIFS(Asistencia_Febrero_2026!C:C,A26,Asistencia_Febrero_2026!L:L,"Tardanza") -> 2 | E26: =COUNTIFS(Asistencia_Febrero_2026!C:C,A26,Asistencia_Febrero_2026!L:L,"Falta") -> 0 | F26: =COUNTIFS(Asistencia_Febrero_2026!C:C,A26,Asistencia_Febrero_2026!L:L,"Permiso") -> 1 | G26: =COUNTIFS(Asistencia_Febrero_2026!C:C,A26,Asistencia_Febrero_2026!L:L,"Vacaciones") -> 0 | H26: =SUM(D26:G26) -> 3 | I26: =1-(H26/Parametros!$B$6) -> 0.85
A27: EMP005 | B27: María Paredes | C27: Comercial | D27: =COUNTIFS(Asistencia_Febrero_2026!C:C,A27,Asistencia_Febrero_2026!L:L,"Tardanza") -> 4 | E27: =COUNTIFS(Asistencia_Febrero_2026!C:C,A27,Asistencia_Febrero_2026!L:L,"Falta") -> 1 | F27: =COUNTIFS(Asistencia_Febrero_2026!C:C,A27,Asistencia_Febrero_2026!L:L,"Permiso") -> 0 | G27: =COUNTIFS(Asistencia_Febrero_2026!C:C,A27,Asistencia_Febrero_2026!L:L,"Vacaciones") -> 0 | H27: =SUM(D27:G27) -> 5 | I27: =1-(H27/Parametros!$B$6) -> 0.75
A28: EMP006 | B28: Pedro Huamán | C28: Operaciones | D28: =COUNTIFS(Asistencia_Febrero_2026!C:C,A28,Asistencia_Febrero_2026!L:L,"Tardanza") -> 7 | E28: =COUNTIFS(Asistencia_Febrero_2026!C:C,A28,Asistencia_Febrero_2026!L:L,"Falta") -> 1 | F28: =COUNTIFS(Asistencia_Febrero_2026!C:C,A28,Asistencia_Febrero_2026!L:L,"Permiso") -> 1 | G28: =COUNTIFS(Asistencia_Febrero_2026!C:C,A28,Asistencia_Febrero_2026!L:L,"Vacaciones") -> 0 | H28: =SUM(D28:G28) -> 9 | I28: =1-(H28/Parametros!$B$6) -> 0.55
A29: EMP007 | B29: Daniela Núñez | C29: RRHH | D29: =COUNTIFS(Asistencia_Febrero_2026!C:C,A29,Asistencia_Febrero_2026!L:L,"Tardanza") -> 2 | E29: =COUNTIFS(Asistencia_Febrero_2026!C:C,A29,Asistencia_Febrero_2026!L:L,"Falta") -> 0 | F29: =COUNTIFS(Asistencia_Febrero_2026!C:C,A29,Asistencia_Febrero_2026!L:L,"Permiso") -> 0 | G29: =COUNTIFS(Asistencia_Febrero_2026!C:C,A29,Asistencia_Febrero_2026!L:L,"Vacaciones") -> 0 | H29: =SUM(D29:G29) -> 2 | I29: =1-(H29/Parametros!$B$6) -> 0.9
A30: EMP008 | B30: Carlos Mejía | C30: TI | D30: =COUNTIFS(Asistencia_Febrero_2026!C:C,A30,Asistencia_Febrero_2026!L:L,"Tardanza") -> 4 | E30: =COUNTIFS(Asistencia_Febrero_2026!C:C,A30,Asistencia_Febrero_2026!L:L,"Falta") -> 0 | F30: =COUNTIFS(Asistencia_Febrero_2026!C:C,A30,Asistencia_Febrero_2026!L:L,"Permiso") -> 1 | G30: =COUNTIFS(Asistencia_Febrero_2026!C:C,A30,Asistencia_Febrero_2026!L:L,"Vacaciones") -> 0 | H30: =SUM(D30:G30) -> 5 | I30: =1-(H30/Parametros!$B$6) -> 0.75
A31: EMP009 | B31: Valeria Soto | C31: Finanzas | D31: =COUNTIFS(Asistencia_Febrero_2026!C:C,A31,Asistencia_Febrero_2026!L:L,"Tardanza") -> 0 | E31: =COUNTIFS(Asistencia_Febrero_2026!C:C,A31,Asistencia_Febrero_2026!L:L,"Falta") -> 0 | F31: =COUNTIFS(Asistencia_Febrero_2026!C:C,A31,Asistencia_Febrero_2026!L:L,"Permiso") -> 0 | G31: =COUNTIFS(Asistencia_Febrero_2026!C:C,A31,Asistencia_Febrero_2026!L:L,"Vacaciones") -> 5 | H31: =SUM(D31:G31) -> 5 | I31: =1-(H31/Parametros!$B$6) -> 0.75
A32: EMP010 | B32: Miguel Chávez | C32: Comercial | D32: =COUNTIFS(Asistencia_Febrero_2026!C:C,A32,Asistencia_Febrero_2026!L:L,"Tardanza") -> 3 | E32: =COUNTIFS(Asistencia_Febrero_2026!C:C,A32,Asistencia_Febrero_2026!L:L,"Falta") -> 1 | F32: =COUNTIFS(Asistencia_Febrero_2026!C:C,A32,Asistencia_Febrero_2026!L:L,"Permiso") -> 0 | G32: =COUNTIFS(Asistencia_Febrero_2026!C:C,A32,Asistencia_Febrero_2026!L:L,"Vacaciones") -> 0 | H32: =SUM(D32:G32) -> 4 | I32: =1-(H32/Parametros!$B$6) -> 0.8
A33: EMP011 | B33: Sofía Quispe | C33: Operaciones | D33: =COUNTIFS(Asistencia_Febrero_2026!C:C,A33,Asistencia_Febrero_2026!L:L,"Tardanza") -> 4 | E33: =COUNTIFS(Asistencia_Febrero_2026!C:C,A33,Asistencia_Febrero_2026!L:L,"Falta") -> 2 | F33: =COUNTIFS(Asistencia_Febrero_2026!C:C,A33,Asistencia_Febrero_2026!L:L,"Permiso") -> 1 | G33: =COUNTIFS(Asistencia_Febrero_2026!C:C,A33,Asistencia_Febrero_2026!L:L,"Vacaciones") -> 0 | H33: =SUM(D33:G33) -> 7 | I33: =1-(H33/Parametros!$B$6) -> 0.65
A34: EMP012 | B34: Ricardo León | C34: TI | D34: =COUNTIFS(Asistencia_Febrero_2026!C:C,A34,Asistencia_Febrero_2026!L:L,"Tardanza") -> 1 | E34: =COUNTIFS(Asistencia_Febrero_2026!C:C,A34,Asistencia_Febrero_2026!L:L,"Falta") -> 0 | F34: =COUNTIFS(Asistencia_Febrero_2026!C:C,A34,Asistencia_Febrero_2026!L:L,"Permiso") -> 1 | G34: =COUNTIFS(Asistencia_Febrero_2026!C:C,A34,Asistencia_Febrero_2026!L:L,"Vacaciones") -> 0 | H34: =SUM(D34:G34) -> 2 | I34: =1-(H34/Parametros!$B$6) -> 0.9
... A40: EMP018 | B40: Héctor Ramos | C40: TI | D40: =COUNTIFS(Asistencia_Febrero_2026!C:C,A40,Asistencia_Febrero_2026!L:L,"Tardanza") -> 3 | E40: =COUNTIFS(Asistencia_Febrero_2026!C:C,A40,Asistencia_Febrero_2026!L:L,"Falta") -> 0 | F40: =COUNTIFS(Asistencia_Febrero_2026!C:C,A40,Asistencia_Febrero_2026!L:L,"Permiso") -> 0 | G40: =COUNTIFS(Asistencia_Febrero_2026!C:C,A40,Asistencia_Febrero_2026!L:L,"Vacaciones") -> 0 | H40: =SUM(D40:G40) -> 3 | I40: =1-(H40/Parametros!$B$6) -> 0.85
A43: Nota | B43: La columna Minutos_Tardanza considera una tolerancia de 10 minutos según la hoja Parametros.

Sheet Parametros
A1: Parámetro | B1: Valor | C1: Descripción
A2: Periodo | B2: Febrero 2026 | C2: Mes base del dataset
A3: Hora_Entrada_Estandar | B3: 0.375 | C3: Horario estándar de ingreso
A4: Tolerancia_Tardanza | B4: 0.0069444444 | C4: Minutos permitidos antes de considerar tardanza
A5: Hora_Salida_Estandar | B5: 0.75 | C5: Horario estándar de salida
A6: Dias_Habiles_Considerados | B6: 20 | C6: Cantidad de días laborables del periodo
A7: Regla_Falta | B7: Sin marcación y sin permiso/vacaciones | C7: Criterio usado en el proyecto
A8: Regla_Incidencia | B8: Tardanza, Falta, Permiso o Vacaciones | C8: Clasificación para el resumen

Sheet Empleados
A1: ID_Empleado | B1: Nombre | C1: Área | D1: Cargo | E1: Sede | F1: Perfil_Riesgo
A2: EMP001 | B2: Ana Torres | C2: RRHH | D2: Analista de RRHH | E2: Lima | F2: Bajo
A3: EMP002 | B3: Luis Mendoza | C3: Operaciones | D3: Supervisor de Operaciones | E3: Lima | F3: Alto
A4: EMP003 | B4: Carla Rojas | C4: Finanzas | D4: Asistente Contable | E4: Lima | F4: Bajo
A5: EMP004 | B5: Jorge Salazar | C5: TI | D5: Soporte TI | E5: Lima | F5: Medio
A6: EMP005 | B6: María Paredes | C6: Comercial | D6: Ejecutiva Comercial | E6: Lima | F6: Medio
A7: EMP006 | B7: Pedro Huamán | C7: Operaciones | D7: Analista de Campo | E7: Callao | F7: Alto
A8: EMP007 | B8: Daniela Núñez | C8: RRHH | D8: Coordinadora de RRHH | E8: Lima | F8: Bajo
A9: EMP008 | B9: Carlos Mejía | C9: TI | D9: Desarrollador Junior | E9: Lima | F9: Medio
A10: EMP009 | B10: Valeria Soto | C10: Finanzas | D10: Analista de Tesorería | E10: Lima | F10: Bajo
A11: EMP010 | B11: Miguel Chávez | C11: Comercial | D11: Asesor de Ventas | E11: Surco | F11: Alto
A12: EMP011 | B12: Sofía Quispe | C12: Operaciones | D12: Asistente Operativo | E12: Callao | F12: Medio
... A19: EMP018 | B19: Héctor Ramos | C19: TI | D19: QA Tester | E19: Lima | F19: Medio

Sheet Asistencia_Febrero_2026
A1: Fecha | B1: Dia | C1: ID_Empleado | D1: Nombre | E1: Area | F1: Cargo | G1: Sede | H1: Hora_Entrada_Programada | I1: Hora_Entrada_Real | J1: Hora_Salida_Programada | K1: Hora_Salida_Real | L1: Estado | M1: Minutos_Tardanza | N1: Incidencia | O1: Observacion
A2: 46055 | B2: Lunes | C2: EMP001 | D2: Ana Torres | E2: RRHH | F2: Analista de RRHH | G2: Lima | H2: 0.375 | I2: 0.39444444 | J2: 0.75 | K2: 0.75486111 | L2: Tardanza | M2: =IF(OR(I2="",H2=""),"",MAX(0,ROUND((I2-H2-Parametros!$B$4)*1440,0))) -> 18 | N2: =IF(L2="Asistencia","Sin novedad",L2) -> Tardanza | O2: Demora de transporte
A3: 46055 | B3: Lunes | C3: EMP002 | D3: Luis Mendoza | E3: Operaciones | F3: Supervisor de Operaciones | G3: Lima | H3: 0.375 | I3: 0.40625 | J3: 0.75 | K3: 0.74791667 | L3: Tardanza | M3: =IF(OR(I3="",H3=""),"",MAX(0,ROUND((I3-H3-Parametros!$B$4)*1440,0))) -> 35 | N3: =IF(L3="Asistencia","Sin novedad",L3) -> Tardanza | O3: Tráfico
A4: 46055 | B4: Lunes | C4: EMP003 | D4: Carla Rojas | E4: Finanzas | F4: Asistente Contable | G4: Lima | H4: 0.375 | I4: 0.39166667 | J4: 0.75 | K4: 0.75416667 | L4: Tardanza | M4: =IF(OR(I4="",H4=""),"",MAX(0,ROUND((I4-H4-Parametros!$B$4)*1440,0))) -> 14 | N4: =IF(L4="Asistencia","Sin novedad",L4) -> Tardanza | O4: Tráfico
A5: 46055 | B5: Lunes | C5: EMP004 | D5: Jorge Salazar | E5: TI | F5: Soporte TI | G5: Lima | H5: 0.375 | I5: 0.37777778 | J5: 0.75 | K5: 0.76527778 | L5: Asistencia | M5: =IF(OR(I5="",H5=""),"",MAX(0,ROUND((I5-H5-Parametros!$B$4)*1440,0))) -> 0 | N5: =IF(L5="Asistencia","Sin novedad",L5) -> Sin novedad | O5: Registro biométrico correcto
A6: 46055 | B6: Lunes | C6: EMP005 | D6: María Paredes | E6: Comercial | F6: Ejecutiva Comercial | G6: Lima | H6: 0.375 | I6: 0.37986111 | J6: 0.75 | K6: 0.74166667 | L6: Asistencia | M6: =IF(OR(I6="",H6=""),"",MAX(0,ROUND((I6-H6-Parametros!$B$4)*1440,0))) -> 0 | N6: =IF(L6="Asistencia","Sin novedad",L6) -> Sin novedad | O6: Sin novedades
A7: 46055 | B7: Lunes | C7: EMP006 | D7: Pedro Huamán | E7: Operaciones | F7: Analista de Campo | G7: Callao | H7: 0.375 | I7: 0.36527778 | J7: 0.75 | K7: 0.75069444 | L7: Asistencia | M7: =IF(OR(I7="",H7=""),"",MAX(0,ROUND((I7-H7-Parametros!$B$4)*1440,0))) -> 0 | N7: =IF(L7="Asistencia","Sin novedad",L7) -> Sin novedad | O7: Registro biométrico correcto
A8: 46055 | B8: Lunes | C8: EMP007 | D8: Daniela Núñez | E8: RRHH | F8: Coordinadora de RRHH | G8: Lima | H8: 0.375 | I8: 0.37013889 | J8: 0.75 | K8: 0.75694444 | L8: Asistencia | M8: =IF(OR(I8="",H8=""),"",MAX(0,ROUND((I8-H8-Parametros!$B$4)*1440,0))) -> 0 | N8: =IF(L8="Asistencia","Sin novedad",L8) -> Sin novedad | O8: Jornada normal
A9: 46055 | B9: Lunes | C9: EMP008 | D9: Carlos Mejía | E9: TI | F9: Desarrollador Junior | G9: Lima | H9: 0.375 | I9: 0.40277778 | J9: 0.75 | K9: 0.76805556 | L9: Tardanza | M9: =IF(OR(I9="",H9=""),"",MAX(0,ROUND((I9-H9-Parametros!$B$4)*1440,0))) -> 30 | N9: =IF(L9="Asistencia","Sin novedad",L9) -> Tardanza | O9: Demora de transporte
A10: 46055 | B10: Lunes | C10: EMP009 | D10: Valeria Soto | E10: Finanzas | F10: Analista de Tesorería | G10: Lima | H10: 0.375 | I10: 0.37430556 | J10: 0.75 | K10: 0.75416667 | L10: Asistencia | M10: =IF(OR(I10="",H10=""),"",MAX(0,ROUND((I10-H10-Parametros!$B$4)*1440,0))) -> 0 | N10: =IF(L10="Asistencia","Sin novedad",L10) -> Sin novedad | O10: Jornada normal
A11: 46055 | B11: Lunes | C11: EMP010 | D11: Miguel Chávez | E11: Comercial | F11: Asesor de Ventas | G11: Surco | H11: 0.375 | I11: 0.375 | J11: 0.75 | K11: 0.75 | L11: Asistencia | M11: =IF(OR(I11="",H11=""),"",MAX(0,ROUND((I11-H11-Parametros!$B$4)*1440,0))) -> 0 | N11: =IF(L11="Asistencia","Sin novedad",L11) -> Sin novedad | O11: Jornada normal
A12: 46055 | B12: Lunes | C12: EMP011 | D12: Sofía Quispe | E12: Operaciones | F12: Asistente Operativo | G12: Callao | H12: 0.375 | I12: 0.37916667 | J12: 0.75 | K12: 0.75416667 | L12: Asistencia | M12: =IF(OR(I12="",H12=""),"",MAX(0,ROUND((I12-H12-Parametros!$B$4)*1440,0))) -> 0 | N12: =IF(L12="Asistencia","Sin novedad",L12) -> Sin novedad | O12: Sin novedades
A13: 46055 | B13: Lunes | C13: EMP012 | D13: Ricardo León | E13: TI | F13: Administrador de Sistemas | G13: Lima | H13: 0.375 | I13: 0.37083333 | J13: 0.75 | K13: 0.75347222 | L13: Asistencia | M13: =IF(OR(I13="",H13=""),"",MAX(0,ROUND((I13-H13-Parametros!$B$4)*1440,0))) -> 0 | N13: =IF(L13="Asistencia","Sin novedad",L13) -> Sin novedad | O13: Registro biométrico correcto
... A41: 46057 | B41: Miércoles | C41: EMP004 | D41: Jorge Salazar | E41: TI | F41: Soporte TI | G41: Lima | H41: 0.375 | I41: 0.36736111 | J41: 0.75 | K41: 0.76736111 | L41: Asistencia | M41: =IF(OR(I41="",H41=""),"",MAX(0,ROUND((I41-H41-Parametros!$B$4)*1440,0))) -> 0 | N41: =IF(L41="Asistencia","Sin novedad",L41) -> Sin novedad | O41: Sin novedades
A42: 46057 | B42: Miércoles | C42: EMP005 | D42: María Paredes | E42: Comercial | F42: Ejecutiva Comercial | G42: Lima | H42: 0.375 | J42: 0.75 | L42: Falta | M42: =IF(OR(I42="",H42=""),"",MAX(0,ROUND((I42-H42-Parametros!$B$4)*1440,0))) | N42: =IF(L42="Asistencia","Sin novedad",L42) -> Falta | O42: Sin justificar
A43: 46057 | B43: Miércoles | C43: EMP006 | D43: Pedro Huamán | E43: Operaciones | F43: Analista de Campo | G43: Callao | H43: 0.375 | I43: 0.38125 | J43: 0.75 | K43: 0.75625 | L43: Asistencia | M43: =IF(OR(I43="",H43=""),"",MAX(0,ROUND((I43-H43-Parametros!$B$4)*1440,0))) -> 0 | N43: =IF(L43="Asistencia","Sin novedad",L43) -> Sin novedad | O43: Sin novedades
A44: 46057 | B44: Miércoles | C44: EMP007 | D44: Daniela Núñez | E44: RRHH | F44: Coordinadora de RRHH | G44: Lima | H44: 0.375 | I44: 0.37291667 | J44: 0.75 | K44: 0.75069444 | L44: Asistencia | M44: =IF(OR(I44="",H44=""),"",MAX(0,ROUND((I44-H44-Parametros!$B$4)*1440,0))) -> 0 | N44: =IF(L44="Asistencia","Sin novedad",L44) -> Sin novedad | O44: Jornada normal
A45: 46057 | B45: Miércoles | C45: EMP008 | D45: Carlos Mejía | E45: TI | F45: Desarrollador Junior | G45: Lima | H45: 0.375 | I45: 0.375 | J45: 0.75 | K45: 0.76666667 | L45: Asistencia | M45: =IF(OR(I45="",H45=""),"",MAX(0,ROUND((I45-H45-Parametros!$B$4)*1440,0))) -> 0 | N45: =IF(L45="Asistencia","Sin novedad",L45) -> Sin novedad | O45: Registro biométrico correcto
A46: 46057 | B46: Miércoles | C46: EMP009 | D46: Valeria Soto | E46: Finanzas | F46: Analista de Tesorería | G46: Lima | H46: 0.375 | I46: 0.37152778 | J46: 0.75 | K46: 0.75 | L46: Asistencia | M46: =IF(OR(I46="",H46=""),"",MAX(0,ROUND((I46-H46-Parametros!$B$4)*1440,0))) -> 0 | N46: =IF(L46="Asistencia","Sin novedad",L46) -> Sin novedad | O46: Sin novedades
A47: 46057 | B47: Miércoles | C47: EMP010 | D47: Miguel Chávez | E47: Comercial | F47: Asesor de Ventas | G47: Surco | H47: 0.375 | I47: 0.37152778 | J47: 0.75 | K47: 0.75972222 | L47: Asistencia | M47: =IF(OR(I47="",H47=""),"",MAX(0,ROUND((I47-H47-Parametros!$B$4)*1440,0))) -> 0 | N47: =IF(L47="Asistencia","Sin novedad",L47) -> Sin novedad | O47: Registro biométrico correcto
A48: 46057 | B48: Miércoles | C48: EMP011 | D48: Sofía Quispe | E48: Operaciones | F48: Asistente Operativo | G48: Callao | H48: 0.375 | I48: 0.38680556 | J48: 0.75 | K48: 0.74652778 | L48: Tardanza | M48: =IF(OR(I48="",H48=""),"",MAX(0,ROUND((I48-H48-Parametros!$B$4)*1440,0))) -> 7 | N48: =IF(L48="Asistencia","Sin novedad",L48) -> Tardanza | O48: Ingreso fuera de tolerancia
A49: 46057 | B49: Miércoles | C49: EMP012 | D49: Ricardo León | E49: TI | F49: Administrador de Sistemas | G49: Lima | H49: 0.375 | I49: 0.36458333 | J49: 0.75 | K49: 0.75208333 | L49: Asistencia | M49: =IF(OR(I49="",H49=""),"",MAX(0,ROUND((I49-H49-Parametros!$B$4)*1440,0))) -> 0 | N49: =IF(L49="Asistencia","Sin novedad",L49) -> Sin novedad | O49: Sin novedades
A50: 46057 | B50: Miércoles | C50: EMP013 | D50: Camila Vega | E50: Comercial | F50: Analista Comercial | G50: Surco | H50: 0.375 | I50: 0.37152778 | J50: 0.75 | K50: 0.74930556 | L50: Asistencia | M50: =IF(OR(I50="",H50=""),"",MAX(0,ROUND((I50-H50-Parametros!$B$4)*1440,0))) -> 0 | N50: =IF(L50="Asistencia","Sin novedad",L50) -> Sin novedad | O50: Registro biométrico correcto
A51: 46057 | B51: Miércoles | C51: EMP014 | D51: José Cárdenas | E51: Operaciones | F51: Técnico de Operaciones | G51: Callao | H51: 0.375 | I51: 0.36388889 | J51: 0.75 | K51: 0.76111111 | L51: Asistencia | M51: =IF(OR(I51="",H51=""),"",MAX(0,ROUND((I51-H51-Parametros!$B$4)*1440,0))) -> 0 | N51: =IF(L51="Asistencia","Sin novedad",L51) -> Sin novedad | O51: Jornada normal
A52: 46057 | B52: Miércoles | C52: EMP015 | D52: Lucía Herrera | E52: Finanzas | F52: Analista Financiera | G52: Lima | H52: 0.375 | I52: 0.37430556 | J52: 0.75 | K52: 0.74166667 | L52: Asistencia | M52: =IF(OR(I52="",H52=""),"",MAX(0,ROUND((I52-H52-Parametros!$B$4)*1440,0))) -> 0 | N52: =IF(L52="Asistencia","Sin novedad",L52) -> Sin novedad | O52: Sin novedades
A53: 46057 | B53: Miércoles | C53: EMP016 | D53: Andrés Flores | E53: RRHH | F53: Auxiliar de Planillas | G53: Lima | H53: 0.375 | I53: 0.36597222 | J53: 0.75 | K53: 0.75972222 | L53: Asistencia | M53: =IF(OR(I53="",H53=""),"",MAX(0,ROUND((I53-H53-Parametros!$B$4)*1440,0))) -> 0 | N53: =IF(L53="Asistencia","Sin novedad",L53) -> Sin novedad | O53: Registro biométrico correcto
A54: 46057 | B54: Miércoles | C54: EMP017 | D54: Paola Rivas | E54: Comercial | F54: Coordinadora Comercial | G54: Surco | H54: 0.375 | I54: 0.38194444 | J54: 0.75 | K54: 0.74375 | L54: Asistencia | M54: =IF(OR(I54="",H54=""),"",MAX(0,ROUND((I54-H54-Parametros!$B$4)*1440,0))) -> 0 | N54: =IF(L54="Asistencia","Sin novedad",L54) -> Sin novedad | O54: Sin novedades
... A78: 46059 | B78: Viernes | C78: EMP005 | D78: María Paredes | E78: Comercial | F78: Ejecutiva Comercial | G78: Lima | H78: 0.375 | I78: 0.38541667 | J78: 0.75 | K78: 0.75069444 | L78: Tardanza | M78: =IF(OR(I78="",H78=""),"",MAX(0,ROUND((I78-H78-Parametros!$B$4)*1440,0))) -> 5 | N78: =IF(L78="Asistencia","Sin novedad",L78) -> Tardanza | O78: Tráfico
A79: 46059 | B79: Viernes | C79: EMP006 | D79: Pedro Huamán | E79: Operaciones | F79: Analista de Campo | G79: Callao | H79: 0.375 | J79: 0.75 | L79: Falta | M79: =IF(OR(I79="",H79=""),"",MAX(0,ROUND((I79-H79-Parametros!$B$4)*1440,0))) | N79: =IF(L79="Asistencia","Sin novedad",L79) -> Falta | O79: Inasistencia registrada
A80: 46059 | B80: Viernes | C80: EMP007 | D80: Daniela Núñez | E80: RRHH | F80: Coordinadora de RRHH | G80: Lima | H80: 0.375 | I80: 0.36527778 | J80: 0.75 | K80: 0.74305556 | L80: Asistencia | M80: =IF(OR(I80="",H80=""),"",MAX(0,ROUND((I80-H80-Parametros!$B$4)*1440,0))) -> 0 | N80: =IF(L80="Asistencia","Sin novedad",L80) -> Sin novedad | O80: Registro biométrico correcto
A81: 46059 | B81: Viernes | C81: EMP008 | D81: Carlos Mejía | E81: TI | F81: Desarrollador Junior | G81: Lima | H81: 0.375 | I81: 0.38125 | J81: 0.75 | K81: 0.74305556 | L81: Asistencia | M81: =IF(OR(I81="",H81=""),"",MAX(0,ROUND((I81-H81-Parametros!$B$4)*1440,0))) -> 0 | N81: =IF(L81="Asistencia","Sin novedad",L81) -> Sin novedad | O81: Registro biométrico correcto
A82: 46059 | B82: Viernes | C82: EMP009 | D82: Valeria Soto | E82: Finanzas | F82: Analista de Tesorería | G82: Lima | H82: 0.375 | I82: 0.36458333 | J82: 0.75 | K82: 0.75694444 | L82: Asistencia | M82: =IF(OR(I82="",H82=""),"",MAX(0,ROUND((I82-H82-Parametros!$B$4)*1440,0))) -> 0 | N82: =IF(L82="Asistencia","Sin novedad",L82) -> Sin novedad | O82: Jornada normal
A83: 46059 | B83: Viernes | C83: EMP010 | D83: Miguel Chávez | E83: Comercial | F83: Asesor de Ventas | G83: Surco | H83: 0.375 | I83: 0.37569444 | J83: 0.75 | K83: 0.74791667 | L83: Asistencia | M83: =IF(OR(I83="",H83=""),"",MAX(0,ROUND((I83-H83-Parametros!$B$4)*1440,0))) -> 0 | N83: =IF(L83="Asistencia","Sin novedad",L83) -> Sin novedad | O83: Sin novedades
A84: 46059 | B84: Viernes | C84: EMP011 | D84: Sofía Quispe | E84: Operaciones | F84: Asistente Operativo | G84: Callao | H84: 0.375 | I84: 0.37986111 | J84: 0.75 | K84: 0.74930556 | L84: Asistencia | M84: =IF(OR(I84="",H84=""),"",MAX(0,ROUND((I84-H84-Parametros!$B$4)*1440,0))) -> 0 | N84: =IF(L84="Asistencia","Sin novedad",L84) -> Sin novedad | O84: Registro biométrico correcto
A85: 46059 | B85: Viernes | C85: EMP012 | D85: Ricardo León | E85: TI | F85: Administrador de Sistemas | G85: Lima | H85: 0.375 | J85: 0.75 | L85: Permiso | M85: =IF(OR(I85="",H85=""),"",MAX(0,ROUND((I85-H85-Parametros!$B$4)*1440,0))) | N85: =IF(L85="Asistencia","Sin novedad",L85) -> Permiso | O85: Capacitación externa
A86: 46059 | B86: Viernes | C86: EMP013 | D86: Camila Vega | E86: Comercial | F86: Analista Comercial | G86: Surco | H86: 0.375 | I86: 0.37152778 | J86: 0.75 | K86: 0.75208333 | L86: Asistencia | M86: =IF(OR(I86="",H86=""),"",MAX(0,ROUND((I86-H86-Parametros!$B$4)*1440,0))) -> 0 | N86: =IF(L86="Asistencia","Sin novedad",L86) -> Sin novedad | O86: Registro biométrico correcto
A87: 46059 | B87: Viernes | C87: EMP014 | D87: José Cárdenas | E87: Operaciones | F87: Técnico de Operaciones | G87: Callao | H87: 0.375 | I87: 0.37083333 | J87: 0.75 | K87: 0.74305556 | L87: Asistencia | M87: =IF(OR(I87="",H87=""),"",MAX(0,ROUND((I87-H87-Parametros!$B$4)*1440,0))) -> 0 | N87: =IF(L87="Asistencia","Sin novedad",L87) -> Sin novedad | O87: Registro biométrico correcto
A88: 46059 | B88: Viernes | C88: EMP015 | D88: Lucía Herrera | E88: Finanzas | F88: Analista Financiera | G88: Lima | H88: 0.375 | I88: 0.37222222 | J88: 0.75 | K88: 0.75694444 | L88: Asistencia | M88: =IF(OR(I88="",H88=""),"",MAX(0,ROUND((I88-H88-Parametros!$B$4)*1440,0))) -> 0 | N88: =IF(L88="Asistencia","Sin novedad",L88) -> Sin novedad | O88: Registro biométrico correcto
A89: 46059 | B89: Viernes | C89: EMP016 | D89: Andrés Flores | E89: RRHH | F89: Auxiliar de Planillas | G89: Lima | H89: 0.375 | I89: 0.36736111 | J89: 0.75 | K89: 0.74236111 | L89: Asistencia | M89: =IF(OR(I89="",H89=""),"",MAX(0,ROUND((I89-H89-Parametros!$B$4)*1440,0))) -> 0 | N89: =IF(L89="Asistencia","Sin novedad",L89) -> Sin novedad | O89: Jornada normal
A90: 46059 | B90: Viernes | C90: EMP017 | D90: Paola Rivas | E90: Comercial | F90: Coordinadora Comercial | G90: Surco | H90: 0.375 | I90: 0.38125 | J90: 0.75 | K90: 0.74444444 | L90: Asistencia | M90: =IF(OR(I90="",H90=""),"",MAX(0,ROUND((I90-H90-Parametros!$B$4)*1440,0))) -> 0 | N90: =IF(L90="Asistencia","Sin novedad",L90) -> Sin novedad | O90: Registro biométrico correcto
A91: 46059 | B91: Viernes | C91: EMP018 | D91: Héctor Ramos | E91: TI | F91: QA Tester | G91: Lima | H91: 0.375 | I91: 0.37708333 | J91: 0.75 | K91: 0.76527778 | L91: Asistencia | M91: =IF(OR(I91="",H91=""),"",MAX(0,ROUND((I91-H91-Parametros!$B$4)*1440,0))) -> 0 | N91: =IF(L91="Asistencia","Sin novedad",L91) -> Sin novedad | O91: Registro biométrico correcto
A92: 46062 | B92: Lunes | C92: EMP001 | D92: Ana Torres | E92: RRHH | F92: Analista de RRHH | G92: Lima | H92: 0.375 | I92: 0.36805556 | J92: 0.75 | K92: 0.74930556 | L92: Asistencia | M92: =IF(OR(I92="",H92=""),"",MAX(0,ROUND((I92-H92-Parametros!$B$4)*1440,0))) -> 0 | N92: =IF(L92="Asistencia","Sin novedad",L92) -> Sin novedad | O92: Jornada normal
A93: 46062 | B93: Lunes | C93: EMP002 | D93: Luis Mendoza | E93: Operaciones | F93: Supervisor de Operaciones | G93: Lima | H93: 0.375 | I93: 0.36458333 | J93: 0.75 | K93: 0.76805556 | L93: Asistencia | M93: =IF(OR(I93="",H93=""),"",MAX(0,ROUND((I93-H93-Parametros!$B$4)*1440,0))) -> 0 | N93: =IF(L93="Asistencia","Sin novedad",L93) -> Sin novedad | O93: Registro biométrico correcto
A94: 46062 | B94: Lunes | C94: EMP003 | D94: Carla Rojas | E94: Finanzas | F94: Asistente Contable | G94: Lima | H94: 0.375 | I94: 0.37152778 | J94: 0.75 | K94: 0.76805556 | L94: Asistencia | M94: =IF(OR(I94="",H94=""),"",MAX(0,ROUND((I94-H94-Parametros!$B$4)*1440,0))) -> 0 | N94: =IF(L94="Asistencia","Sin novedad",L94) -> Sin novedad | O94: Jornada normal
A95: 46062 | B95: Lunes | C95: EMP004 | D95: Jorge Salazar | E95: TI | F95: Soporte TI | G95: Lima | H95: 0.375 | I95: 0.36666667 | J95: 0.75 | K95: 0.75277778 | L95: Asistencia | M95: =IF(OR(I95="",H95=""),"",MAX(0,ROUND((I95-H95-Parametros!$B$4)*1440,0))) -> 0 | N95: =IF(L95="Asistencia","Sin novedad",L95) -> Sin novedad | O95: Sin novedades
A96: 46062 | B96: Lunes | C96: EMP005 | D96: María Paredes | E96: Comercial | F96: Ejecutiva Comercial | G96: Lima | H96: 0.375 | I96: 0.40625 | J96: 0.75 | K96: 0.77430556 | L96: Tardanza | M96: =IF(OR(I96="",H96=""),"",MAX(0,ROUND((I96-H96-Parametros!$B$4)*1440,0))) -> 35 | N96: =IF(L96="Asistencia","Sin novedad",L96) -> Tardanza | O96: Tráfico
A97: 46062 | B97: Lunes | C97: EMP006 | D97: Pedro Huamán | E97: Operaciones | F97: Analista de Campo | G97: Callao | H97: 0.375 | I97: 0.36666667 | J97: 0.75 | K97: 0.75763889 | L97: Asistencia | M97: =IF(OR(I97="",H97=""),"",MAX(0,ROUND((I97-H97-Parametros!$B$4)*1440,0))) -> 0 | N97: =IF(L97="Asistencia","Sin novedad",L97) -> Sin novedad | O97: Registro biométrico correcto
... A105: 46062 | B105: Lunes | C105: EMP014 | D105: José Cárdenas | E105: Operaciones | F105: Técnico de Operaciones | G105: Callao | H105: 0.375 | I105: 0.37986111 | J105: 0.75 | K105: 0.74861111 | L105: Asistencia | M105: =IF(OR(I105="",H105=""),"",MAX(0,ROUND((I105-H105-Parametros!$B$4)*1440,0))) -> 0 | N105: =IF(L105="Asistencia","Sin novedad",L105) -> Sin novedad | O105: Jornada normal
A106: 46062 | B106: Lunes | C106: EMP015 | D106: Lucía Herrera | E106: Finanzas | F106: Analista Financiera | G106: Lima | H106: 0.375 | J106: 0.75 | L106: Vacaciones | M106: =IF(OR(I106="",H106=""),"",MAX(0,ROUND((I106-H106-Parametros!$B$4)*1440,0))) | N106: =IF(L106="Asistencia","Sin novedad",L106) -> Vacaciones | O106: Vacaciones programadas
A107: 46062 | B107: Lunes | C107: EMP016 | D107: Andrés Flores | E107: RRHH | F107: Auxiliar de Planillas | G107: Lima | H107: 0.375 | I107: 0.37638889 | J107: 0.75 | K107: 0.76875 | L107: Asistencia | M107: =IF(OR(I107="",H107=""),"",MAX(0,ROUND((I107-H107-Parametros!$B$4)*1440,0))) -> 0 | N107: =IF(L107="Asistencia","Sin novedad",L107) -> Sin novedad | O107: Registro biométrico correcto
A108: 46062 | B108: Lunes | C108: EMP017 | D108: Paola Rivas | E108: Comercial | F108: Coordinadora Comercial | G108: Surco | H108: 0.375 | I108: 0.36736111 | J108: 0.75 | K108: 0.75486111 | L108: Asistencia | M108: =IF(OR(I108="",H108=""),"",MAX(0,ROUND((I108-H108-Parametros!$B$4)*1440,0))) -> 0 | N108: =IF(L108="Asistencia","Sin novedad",L108) -> Sin novedad | O108: Sin novedades
A109: 46062 | B109: Lunes | C109: EMP018 | D109: Héctor Ramos | E109: TI | F109: QA Tester | G109: Lima | H109: 0.375 | I109: 0.38402778 | J109: 0.75 | K109: 0.75486111 | L109: Tardanza | M109: =IF(OR(I109="",H109=""),"",MAX(0,ROUND((I109-H109-Parametros!$B$4)*1440,0))) -> 3 | N109: =IF(L109="Asistencia","Sin novedad",L109) -> Tardanza | O109: Ingreso fuera de tolerancia
A110: 46063 | B110: Martes | C110: EMP001 | D110: Ana Torres | E110: RRHH | F110: Analista de RRHH | G110: Lima | H110: 0.375 | I110: 0.37222222 | J110: 0.75 | K110: 0.75972222 | L110: Asistencia | M110: =IF(OR(I110="",H110=""),"",MAX(0,ROUND((I110-H110-Parametros!$B$4)*1440,0))) -> 0 | N110: =IF(L110="Asistencia","Sin novedad",L110) -> Sin novedad | O110: Jornada normal
A111: 46063 | B111: Martes | C111: EMP002 | D111: Luis Mendoza | E111: Operaciones | F111: Supervisor de Operaciones | G111: Lima | H111: 0.375 | I111: 0.37083333 | J111: 0.75 | K111: 0.76319444 | L111: Asistencia | M111: =IF(OR(I111="",H111=""),"",MAX(0,ROUND((I111-H111-Parametros!$B$4)*1440,0))) -> 0 | N111: =IF(L111="Asistencia","Sin novedad",L111) -> Sin novedad | O111: Registro biométrico correcto
A112: 46063 | B112: Martes | C112: EMP003 | D112: Carla Rojas | E112: Finanzas | F112: Asistente Contable | G112: Lima | H112: 0.375 | I112: 0.3625 | J112: 0.75 | K112: 0.74583333 | L112: Asistencia | M112: =IF(OR(I112="",H112=""),"",MAX(0,ROUND((I112-H112-Parametros!$B$4)*1440,0))) -> 0 | N112: =IF(L112="Asistencia","Sin novedad",L112) -> Sin novedad | O112: Registro biométrico correcto
A113: 46063 | B113: Martes | C113: EMP004 | D113: Jorge Salazar | E113: TI | F113: Soporte TI | G113: Lima | H113: 0.375 | I113: 0.37777778 | J113: 0.75 | K113: 0.76458333 | L113: Asistencia | M113: =IF(OR(I113="",H113=""),"",MAX(0,ROUND((I113-H113-Parametros!$B$4)*1440,0))) -> 0 | N113: =IF(L113="Asistencia","Sin novedad",L113) -> Sin novedad | O113: Registro biométrico correcto
A114: 46063 | B114: Martes | C114: EMP005 | D114: María Paredes | E114: Comercial | F114: Ejecutiva Comercial | G114: Lima | H114: 0.375 | I114: 0.38125 | J114: 0.75 | K114: 0.74652778 | L114: Asistencia | M114: =IF(OR(I114="",H114=""),"",MAX(0,ROUND((I114-H114-Parametros!$B$4)*1440,0))) -> 0 | N114: =IF(L114="Asistencia","Sin novedad",L114) -> Sin novedad | O114: Registro biométrico correcto
A115: 46063 | B115: Martes | C115: EMP006 | D115: Pedro Huamán | E115: Operaciones | F115: Analista de Campo | G115: Callao | H115: 0.375 | I115: 0.37361111 | J115: 0.75 | K115: 0.76597222 | L115: Asistencia | M115: =IF(OR(I115="",H115=""),"",MAX(0,ROUND((I115-H115-Parametros!$B$4)*1440,0))) -> 0 | N115: =IF(L115="Asistencia","Sin novedad",L115) -> Sin novedad | O115: Jornada normal
A116: 46063 | B116: Martes | C116: EMP007 | D116: Daniela Núñez | E116: RRHH | F116: Coordinadora de RRHH | G116: Lima | H116: 0.375 | I116: 0.37222222 | J116: 0.75 | K116: 0.76875 | L116: Asistencia | M116: =IF(OR(I116="",H116=""),"",MAX(0,ROUND((I116-H116-Parametros!$B$4)*1440,0))) -> 0 | N116: =IF(L116="Asistencia","Sin novedad",L116) -> Sin novedad | O116: Jornada normal
A117: 46063 | B117: Martes | C117: EMP008 | D117: Carlos Mejía | E117: TI | F117: Desarrollador Junior | G117: Lima | H117: 0.375 | I117: 0.37430556 | J117: 0.75 | K117: 0.76111111 | L117: Asistencia | M117: =IF(OR(I117="",H117=""),"",MAX(0,ROUND((I117-H117-Parametros!$B$4)*1440,0))) -> 0 | N117: =IF(L117="Asistencia","Sin novedad",L117) -> Sin novedad | O117: Sin novedades
A118: 46063 | B118: Martes | C118: EMP009 | D118: Valeria Soto | E118: Finanzas | F118: Analista de Tesorería | G118: Lima | H118: 0.375 | I118: 0.36805556 | J118: 0.75 | K118: 0.75208333 | L118: Asistencia | M118: =IF(OR(I118="",H118=""),"",MAX(0,ROUND((I118-H118-Parametros!$B$4)*1440,0))) -> 0 | N118: =IF(L118="Asistencia","Sin novedad",L118) -> Sin novedad | O118: Jornada normal
... A123: 46063 | B123: Martes | C123: EMP014 | D123: José Cárdenas | E123: Operaciones | F123: Técnico de Operaciones | G123: Callao | H123: 0.375 | I123: 0.37222222 | J123: 0.75 | K123: 0.75972222 | L123: Asistencia | M123: =IF(OR(I123="",H123=""),"",MAX(0,ROUND((I123-H123-Parametros!$B$4)*1440,0))) -> 0 | N123: =IF(L123="Asistencia","Sin novedad",L123) -> Sin novedad | O123: Sin novedades
A124: 46063 | B124: Martes | C124: EMP015 | D124: Lucía Herrera | E124: Finanzas | F124: Analista Financiera | G124: Lima | H124: 0.375 | J124: 0.75 | L124: Vacaciones | M124: =IF(OR(I124="",H124=""),"",MAX(0,ROUND((I124-H124-Parametros!$B$4)*1440,0))) | N124: =IF(L124="Asistencia","Sin novedad",L124) -> Vacaciones | O124: Vacaciones programadas
A125: 46063 | B125: Martes | C125: EMP016 | D125: Andrés Flores | E125: RRHH | F125: Auxiliar de Planillas | G125: Lima | H125: 0.375 | I125: 0.38194444 | J125: 0.75 | K125: 0.76736111 | L125: Asistencia | M125: =IF(OR(I125="",H125=""),"",MAX(0,ROUND((I125-H125-Parametros!$B$4)*1440,0))) -> 0 | N125: =IF(L125="Asistencia","Sin novedad",L125) -> Sin novedad | O125: Jornada normal
A126: 46063 | B126: Martes | C126: EMP017 | D126: Paola Rivas | E126: Comercial | F126: Coordinadora Comercial | G126: Surco | H126: 0.375 | J126: 0.75 | L126: Permiso | M126: =IF(OR(I126="",H126=""),"",MAX(0,ROUND((I126-H126-Parametros!$B$4)*1440,0))) | N126: =IF(L126="Asistencia","Sin novedad",L126) -> Permiso | O126: Capacitación externa
A127: 46063 | B127: Martes | C127: EMP018 | D127: Héctor Ramos | E127: TI | F127: QA Tester | G127: Lima | H127: 0.375 | I127: 0.39791667 | J127: 0.75 | K127: 0.75763889 | L127: Tardanza | M127: =IF(OR(I127="",H127=""),"",MAX(0,ROUND((I127-H127-Parametros!$B$4)*1440,0))) -> 23 | N127: =IF(L127="Asistencia","Sin novedad",L127) -> Tardanza | O127: Ingreso fuera de tolerancia
A128: 46064 | B128: Miércoles | C128: EMP001 | D128: Ana Torres | E128: RRHH | F128: Analista de RRHH | G128: Lima | H128: 0.375 | I128: 0.37152778 | J128: 0.75 | K128: 0.76527778 | L128: Asistencia | M128: =IF(OR(I128="",H128=""),"",MAX(0,ROUND((I128-H128-Parametros!$B$4)*1440,0))) -> 0 | N128: =IF(L128="Asistencia","Sin novedad",L128) -> Sin novedad | O128: Jornada normal
A129: 46064 | B129: Miércoles | C129: EMP002 | D129: Luis Mendoza | E129: Operaciones | F129: Supervisor de Operaciones | G129: Lima | H129: 0.375 | I129: 0.38194444 | J129: 0.75 | K129: 0.75138889 | L129: Asistencia | M129: =IF(OR(I129="",H129=""),"",MAX(0,ROUND((I129-H129-Parametros!$B$4)*1440,0))) -> 0 | N129: =IF(L129="Asistencia","Sin novedad",L129) -> Sin novedad | O129: Registro biométrico correcto
A130: 46064 | B130: Miércoles | C130: EMP003 | D130: Carla Rojas | E130: Finanzas | F130: Asistente Contable | G130: Lima | H130: 0.375 | I130: 0.3625 | J130: 0.75 | K130: 0.75833333 | L130: Asistencia | M130: =IF(OR(I130="",H130=""),"",MAX(0,ROUND((I130-H130-Parametros!$B$4)*1440,0))) -> 0 | N130: =IF(L130="Asistencia","Sin novedad",L130) -> Sin novedad | O130: Registro biométrico correcto
A131: 46064 | B131: Miércoles | C131: EMP004 | D131: Jorge Salazar | E131: TI | F131: Soporte TI | G131: Lima | H131: 0.375 | I131: 0.37847222 | J131: 0.75 | K131: 0.74861111 | L131: Asistencia | M131: =IF(OR(I131="",H131=""),"",MAX(0,ROUND((I131-H131-Parametros!$B$4)*1440,0))) -> 0 | N131: =IF(L131="Asistencia","Sin novedad",L131) -> Sin novedad | O131: Registro biométrico correcto
A132: 46064 | B132: Miércoles | C132: EMP005 | D132: María Paredes | E132: Comercial | F132: Ejecutiva Comercial | G132: Lima | H132: 0.375 | I132: 0.37430556 | J132: 0.75 | K132: 0.74236111 | L132: Asistencia | M132: =IF(OR(I132="",H132=""),"",MAX(0,ROUND((I132-H132-Parametros!$B$4)*1440,0))) -> 0 | N132: =IF(L132="Asistencia","Sin novedad",L132) -> Sin novedad | O132: Registro biométrico correcto
A133: 46064 | B133: Miércoles | C133: EMP006 | D133: Pedro Huamán | E133: Operaciones | F133: Analista de Campo | G133: Callao | H133: 0.375 | I133: 0.36388889 | J133: 0.75 | K133: 0.76041667 | L133: Asistencia | M133: =IF(OR(I133="",H133=""),"",MAX(0,ROUND((I133-H133-Parametros!$B$4)*1440,0))) -> 0 | N133: =IF(L133="Asistencia","Sin novedad",L133) -> Sin novedad | O133: Sin novedades
A134: 46064 | B134: Miércoles | C134: EMP007 | D134: Daniela Núñez | E134: RRHH | F134: Coordinadora de RRHH | G134: Lima | H134: 0.375 | I134: 0.36805556 | J134: 0.75 | K134: 0.75833333 | L134: Asistencia | M134: =IF(OR(I134="",H134=""),"",MAX(0,ROUND((I134-H134-Parametros!$B$4)*1440,0))) -> 0 | N134: =IF(L134="Asistencia","Sin novedad",L134) -> Sin novedad | O134: Registro biométrico correcto
A135: 46064 | B135: Miércoles | C135: EMP008 | D135: Carlos Mejía | E135: TI | F135: Desarrollador Junior | G135: Lima | H135: 0.375 | I135: 0.37916667 | J135: 0.75 | K135: 0.75833333 | L135: Asistencia | M135: =IF(OR(I135="",H135=""),"",MAX(0,ROUND((I135-H135-Parametros!$B$4)*1440,0))) -> 0 | N135: =IF(L135="Asistencia","Sin novedad",L135) -> Sin novedad | O135: Registro biométrico correcto
A136: 46064 | B136: Miércoles | C136: EMP009 | D136: Valeria Soto | E136: Finanzas | F136: Analista de Tesorería | G136: Lima | H136: 0.375 | I136: 0.36805556 | J136: 0.75 | K136: 0.74513889 | L136: Asistencia | M136: =IF(OR(I136="",H136=""),"",MAX(0,ROUND((I136-H136-Parametros!$B$4)*1440,0))) -> 0 | N136: =IF(L136="Asistencia","Sin novedad",L136) -> Sin novedad | O136: Registro biométrico correcto
A137: 46064 | B137: Miércoles | C137: EMP010 | D137: Miguel Chávez | E137: Comercial | F137: Asesor de Ventas | G137: Surco | H137: 0.375 | J137: 0.75 | L137: Falta | M137: =IF(OR(I137="",H137=""),"",MAX(0,ROUND((I137-H137-Parametros!$B$4)*1440,0))) | N137: =IF(L137="Asistencia","Sin novedad",L137) -> Falta | O137: Sin justificar
A138: 46064 | B138: Miércoles | C138: EMP011 | D138: Sofía Quispe | E138: Operaciones | F138: Asistente Operativo | G138: Callao | H138: 0.375 | I138: 0.37638889 | J138: 0.75 | K138: 0.74444444 | L138: Asistencia | M138: =IF(OR(I138="",H138=""),"",MAX(0,ROUND((I138-H138-Parametros!$B$4)*1440,0))) -> 0 | N138: =IF(L138="Asistencia","Sin novedad",L138) -> Sin novedad | O138: Jornada normal
A139: 46064 | B139: Miércoles | C139: EMP012 | D139: Ricardo León | E139: TI | F139: Administrador de Sistemas | G139: Lima | H139: 0.375 | I139: 0.39305556 | J139: 0.75 | K139: 0.75277778 | L139: Tardanza | M139: =IF(OR(I139="",H139=""),"",MAX(0,ROUND((I139-H139-Parametros!$B$4)*1440,0))) -> 16 | N139: =IF(L139="Asistencia","Sin novedad",L139) -> Tardanza | O139: Demora de transporte
A140: 46064 | B140: Miércoles | C140: EMP013 | D140: Camila Vega | E140: Comercial | F140: Analista Comercial | G140: Surco | H140: 0.375 | I140: 0.37291667 | J140: 0.75 | K140: 0.74652778 | L140: Asistencia | M140: =IF(OR(I140="",H140=""),"",MAX(0,ROUND((I140-H140-Parametros!$B$4)*1440,0))) -> 0 | N140: =IF(L140="Asistencia","Sin novedad",L140) -> Sin novedad | O140: Jornada normal
A141: 46064 | B141: Miércoles | C141: EMP014 | D141: José Cárdenas | E141: Operaciones | F141: Técnico de Operaciones | G141: Callao | H141: 0.375 | I141: 0.36805556 | J141: 0.75 | K141: 0.75763889 | L141: Asistencia | M141: =IF(OR(I141="",H141=""),"",MAX(0,ROUND((I141-H141-Parametros!$B$4)*1440,0))) -> 0 | N141: =IF(L141="Asistencia","Sin novedad",L141) -> Sin novedad | O141: Sin novedades
A142: 46064 | B142: Miércoles | C142: EMP015 | D142: Lucía Herrera | E142: Finanzas | F142: Analista Financiera | G142: Lima | H142: 0.375 | J142: 0.75 | L142: Vacaciones | M142: =IF(OR(I142="",H142=""),"",MAX(0,ROUND((I142-H142-Parametros!$B$4)*1440,0))) | N142: =IF(L142="Asistencia","Sin novedad",L142) -> Vacaciones | O142: Vacaciones programadas
A143: 46064 | B143: Miércoles | C143: EMP016 | D143: Andrés Flores | E143: RRHH | F143: Auxiliar de Planillas | G143: Lima | H143: 0.375 | I143: 0.37777778 | J143: 0.75 | K143: 0.74652778 | L143: Asistencia | M143: =IF(OR(I143="",H143=""),"",MAX(0,ROUND((I143-H143-Parametros!$B$4)*1440,0))) -> 0 | N143: =IF(L143="Asistencia","Sin novedad",L143) -> Sin novedad | O143: Sin novedades
A144: 46064 | B144: Miércoles | C144: EMP017 | D144: Paola Rivas | E144: Comercial | F144: Coordinadora Comercial | G144: Surco | H144: 0.375 | I144: 0.3625 | J144: 0.75 | K144: 0.75486111 | L144: Asistencia | M144: =IF(OR(I144="",H144=""),"",MAX(0,ROUND((I144-H144-Parametros!$B$4)*1440,0))) -> 0 | N144: =IF(L144="Asistencia","Sin novedad",L144) -> Sin novedad | O144: Jornada normal
A145: 46064 | B145: Miércoles | C145: EMP018 | D145: Héctor Ramos | E145: TI | F145: QA Tester | G145: Lima | H145: 0.375 | I145: 0.37083333 | J145: 0.75 | K145: 0.75 | L145: Asistencia | M145: =IF(OR(I145="",H145=""),"",MAX(0,ROUND((I145-H145-Parametros!$B$4)*1440,0))) -> 0 | N145: =IF(L145="Asistencia","Sin novedad",L145) -> Sin novedad | O145: Sin novedades
A146: 46065 | B146: Jueves | C146: EMP001 | D146: Ana Torres | E146: RRHH | F146: Analista de RRHH | G146: Lima | H146: 0.375 | I146: 0.36736111 | J146: 0.75 | K146: 0.74583333 | L146: Asistencia | M146: =IF(OR(I146="",H146=""),"",MAX(0,ROUND((I146-H146-Parametros!$B$4)*1440,0))) -> 0 | N146: =IF(L146="Asistencia","Sin novedad",L146) -> Sin novedad | O146: Jornada normal
A147: 46065 | B147: Jueves | C147: EMP002 | D147: Luis Mendoza | E147: Operaciones | F147: Supervisor de Operaciones | G147: Lima | H147: 0.375 | I147: 0.37569444 | J147: 0.75 | K147: 0.74652778 | L147: Asistencia | M147: =IF(OR(I147="",H147=""),"",MAX(0,ROUND((I147-H147-Parametros!$B$4)*1440,0))) -> 0 | N147: =IF(L147="Asistencia","Sin novedad",L147) -> Sin novedad | O147: Jornada normal
A148: 46065 | B148: Jueves | C148: EMP003 | D148: Carla Rojas | E148: Finanzas | F148: Asistente Contable | G148: Lima | H148: 0.375 | I148: 0.37152778 | J148: 0.75 | K148: 0.75763889 | L148: Asistencia | M148: =IF(OR(I148="",H148=""),"",MAX(0,ROUND((I148-H148-Parametros!$B$4)*1440,0))) -> 0 | N148: =IF(L148="Asistencia","Sin novedad",L148) -> Sin novedad | O148: Sin novedades
A149: 46065 | B149: Jueves | C149: EMP004 | D149: Jorge Salazar | E149: TI | F149: Soporte TI | G149: Lima | H149: 0.375 | I149: 0.38125 | J149: 0.75 | K149: 0.75972222 | L149: Asistencia | M149: =IF(OR(I149="",H149=""),"",MAX(0,ROUND((I149-H149-Parametros!$B$4)*1440,0))) -> 0 | N149: =IF(L149="Asistencia","Sin novedad",L149) -> Sin novedad | O149: Registro biométrico correcto
A150: 46065 | B150: Jueves | C150: EMP005 | D150: María Paredes | E150: Comercial | F150: Ejecutiva Comercial | G150: Lima | H150: 0.375 | I150: 0.37638889 | J150: 0.75 | K150: 0.76180556 | L150: Asistencia | M150: =IF(OR(I150="",H150=""),"",MAX(0,ROUND((I150-H150-Parametros!$B$4)*1440,0))) -> 0 | N150: =IF(L150="Asistencia","Sin novedad",L150) -> Sin novedad | O150: Jornada normal
A151: 46065 | B151: Jueves | C151: EMP006 | D151: Pedro Huamán | E151: Operaciones | F151: Analista de Campo | G151: Callao | H151: 0.375 | I151: 0.40555556 | J151: 0.75 | K151: 0.77291667 | L151: Tardanza | M151: =IF(OR(I151="",H151=""),"",MAX(0,ROUND((I151-H151-Parametros!$B$4)*1440,0))) -> 34 | N151: =IF(L151="Asistencia","Sin novedad",L151) -> Tardanza | O151: Ingreso fuera de tolerancia
A152: 46065 | B152: Jueves | C152: EMP007 | D152: Daniela Núñez | E152: RRHH | F152: Coordinadora de RRHH | G152: Lima | H152: 0.375 | I152: 0.37916667 | J152: 0.75 | K152: 0.7625 | L152: Asistencia | M152: =IF(OR(I152="",H152=""),"",MAX(0,ROUND((I152-H152-Parametros!$B$4)*1440,0))) -> 0 | N152: =IF(L152="Asistencia","Sin novedad",L152) -> Sin novedad | O152: Registro biométrico correcto
A153: 46065 | B153: Jueves | C153: EMP008 | D153: Carlos Mejía | E153: TI | F153: Desarrollador Junior | G153: Lima | H153: 0.375 | I153: 0.36805556 | J153: 0.75 | K153: 0.75555556 | L153: Asistencia | M153: =IF(OR(I153="",H153=""),"",MAX(0,ROUND((I153-H153-Parametros!$B$4)*1440,0))) -> 0 | N153: =IF(L153="Asistencia","Sin novedad",L153) -> Sin novedad | O153: Sin novedades
A154: 46065 | B154: Jueves | C154: EMP009 | D154: Valeria Soto | E154: Finanzas | F154: Analista de Tesorería | G154: Lima | H154: 0.375 | I154: 0.38194444 | J154: 0.75 | K154: 0.76111111 | L154: Asistencia | M154: =IF(OR(I154="",H154=""),"",MAX(0,ROUND((I154-H154-Parametros!$B$4)*1440,0))) -> 0 | N154: =IF(L154="Asistencia","Sin novedad",L154) -> Sin novedad | O154: Sin novedades
A155: 46065 | B155: Jueves | C155: EMP010 | D155: Miguel Chávez | E155: Comercial | F155: Asesor de Ventas | G155: Surco | H155: 0.375 | I155: 0.37708333 | J155: 0.75 | K155: 0.75833333 | L155: Asistencia | M155: =IF(OR(I155="",H155=""),"",MAX(0,ROUND((I155-H155-Parametros!$B$4)*1440,0))) -> 0 | N155: =IF(L155="Asistencia","Sin novedad",L155) -> Sin novedad | O155: Registro biométrico correcto
A156: 46065 | B156: Jueves | C156: EMP011 | D156: Sofía Quispe | E156: Operaciones | F156: Asistente Operativo | G156: Callao | H156: 0.375 | J156: 0.75 | L156: Permiso | M156: =IF(OR(I156="",H156=""),"",MAX(0,ROUND((I156-H156-Parametros!$B$4)*1440,0))) | N156: =IF(L156="Asistencia","Sin novedad",L156) -> Permiso | O156: Trámite personal
A157: 46065 | B157: Jueves | C157: EMP012 | D157: Ricardo León | E157: TI | F157: Administrador de Sistemas | G157: Lima | H157: 0.375 | I157: 0.37986111 | J157: 0.75 | K157: 0.75277778 | L157: Asistencia | M157: =IF(OR(I157="",H157=""),"",MAX(0,ROUND((I157-H157-Parametros!$B$4)*1440,0))) -> 0 | N157: =IF(L157="Asistencia","Sin novedad",L157) -> Sin novedad | O157: Registro biométrico correcto
A158: 46065 | B158: Jueves | C158: EMP013 | D158: Camila Vega | E158: Comercial | F158: Analista Comercial | G158: Surco | H158: 0.375 | I158: 0.38194444 | J158: 0.75 | K158: 0.75347222 | L158: Asistencia | M158: =IF(OR(I158="",H158=""),"",MAX(0,ROUND((I158-H158-Parametros!$B$4)*1440,0))) -> 0 | N158: =IF(L158="Asistencia","Sin novedad",L158) -> Sin novedad | O158: Jornada normal
A159: 46065 | B159: Jueves | C159: EMP014 | D159: José Cárdenas | E159: Operaciones | F159: Técnico de Operaciones | G159: Callao | H159: 0.375 | J159: 0.75 | L159: Falta | M159: =IF(OR(I159="",H159=""),"",MAX(0,ROUND((I159-H159-Parametros!$B$4)*1440,0))) | N159: =IF(L159="Asistencia","Sin novedad",L159) -> Falta | O159: Sin justificar
A160: 46065 | B160: Jueves | C160: EMP015 | D160: Lucía Herrera | E160: Finanzas | F160: Analista Financiera | G160: Lima | H160: 0.375 | J160: 0.75 | L160: Vacaciones | M160: =IF(OR(I160="",H160=""),"",MAX(0,ROUND((I160-H160-Parametros!$B$4)*1440,0))) | N160: =IF(L160="Asistencia","Sin novedad",L160) -> Vacaciones | O160: Vacaciones programadas
A161: 46065 | B161: Jueves | C161: EMP016 | D161: Andrés Flores | E161: RRHH | F161: Auxiliar de Planillas | G161: Lima | H161: 0.375 | I161: 0.37291667 | J161: 0.75 | K161: 0.76597222 | L161: Asistencia | M161: =IF(OR(I161="",H161=""),"",MAX(0,ROUND((I161-H161-Parametros!$B$4)*1440,0))) -> 0 | N161: =IF(L161="Asistencia","Sin novedad",L161) -> Sin novedad | O161: Sin novedades
...
